gonderi_id,sube_kodu,alici_sehir,agirlik_kg,durum,kabul_tarihi,teslim_tarihi,karantina_nedeni
TR100039,ANT,West Tanyolaçbury,,teslim,2026-01-17 15:14:25,2026-01-23 15:14:25,agirlik_eksik;
TR100228,BUR,,14.71,iade,2026-07-28 22:05:18,,alici_sehir_eksik;
TR100239,BUR,South Hilayda,-3.5,iade,2026-07-12 11:06:40,,agirlik_gecersiz;
TR100284,IST,Celilayfurt,13.7,teslim,2026-08-14 12:14:02,2026-08-12 12:14:02,teslim_kabulden_once;
TR100302,BUR,North Hümeyra,10.26,teslim,2026-02-27 23:23:58,2026-02-25 23:23:58,teslim_kabulden_once;
TR100512,BUR,South Nurgil,0.0,teslim,2026-05-13 18:37:08,2026-05-16 18:37:08,agirlik_gecersiz;
TR100536,ANT,,16.13,yolda,2026-05-01 18:36:46,,alici_sehir_eksik;
TR100625,ANT,Lake Yalazabay,-1.2,yolda,2026-07-08 00:56:29,,agirlik_gecersiz;
TR100646,BUR,Aslanton,-3.5,iade,2026-04-02 04:15:13,,agirlik_gecersiz;
TR100688,ANT,,7.25,iade,2026-06-17 23:10:47,,alici_sehir_eksik;
TR100709,ANT,Bilginfurt,,teslim,2026-06-24 15:45:16,2026-06-26 15:45:16,agirlik_eksik;
TR100738,IZM,,21.04,teslim,2026-04-16 04:51:57,2026-04-20 04:51:57,alici_sehir_eksik;
TR100752,ANK,Yıldızstad,-0.5,yolda,2026-06-15 12:32:42,,agirlik_gecersiz;
TR100821,ANT,East Abid,29.32,teslim,2026-08-10 08:00:18,2026-08-08 08:00:18,teslim_kabulden_once;
TR100837,IST,Port Vecide,-3.5,yolda,2026-02-14 04:29:15,,agirlik_gecersiz;
TR100842,IST,North Begim,2.55,teslim,2026-08-11 17:12:08,2026-08-09 17:12:08,teslim_kabulden_once;
TR100862,IZM,Basımfort,-1.2,yolda,2026-01-21 10:49:54,,agirlik_gecersiz;
TR100922,IZM,South Borataşchester,4.29,teslim,2026-02-28 01:50:33,2026-02-26 01:50:33,teslim_kabulden_once;
TR100970,IST,Korutürkton,0.0,yolda,2026-06-16 04:50:20,,agirlik_gecersiz;
TR101021,IZM,Port Hindalton,0.0,yolda,2026-01-29 12:29:06,,agirlik_gecersiz;
TR101022,ANT,Tercanmouth,,yolda,2026-05-02 21:59:10,,agirlik_eksik;
TR101061,IZM,Ertaşshire,13.95,teslim,2026-02-26 22:11:23,2026-02-24 22:11:23,teslim_kabulden_once;
TR101100,ANK,Durmuştown,,iade,2026-09-07 04:29:48,,agirlik_eksik;
TR101243,ANT,North Gülhisar,-3.5,iade,2026-08-22 00:36:46,,agirlik_gecersiz;
TR101250,IZM,,18.97,yolda,2026-07-12 02:57:39,,alici_sehir_eksik;
TR101262,IST,Kardelenside,0.0,teslim,2026-05-30 06:06:49,2026-05-31 06:06:49,agirlik_gecersiz;
TR101308,IST,West Boztaşberg,-0.5,iade,2026-07-09 03:33:22,,agirlik_gecersiz;
TR101363,ANT,Lake Arguport,-0.5,teslim,2026-06-13 06:51:22,2026-06-15 06:51:22,agirlik_gecersiz;
TR101384,IZM,Durduton,0.0,iade,2026-02-11 03:04:48,,agirlik_gecersiz;
TR101399,ANT,,16.16,teslim,2026-01-15 09:42:26,2026-01-19 09:42:26,alici_sehir_eksik;
TR101450,BUR,Lake Ezginville,-3.5,yolda,2026-07-04 11:50:06,,agirlik_gecersiz;
TR101451,IZM,,20.83,iade,2026-03-20 21:17:40,,alici_sehir_eksik;
TR101470,ANT,East Annakshire,0.42,teslim,2026-05-25 14:48:16,2026-05-23 14:48:16,teslim_kabulden_once;
TR101514,ANT,Alanalpshire,-1.2,iade,2026-02-19 02:41:30,,agirlik_gecersiz;
TR101640,IZM,,16.5,iade,2026-02-03 12:50:15,,alici_sehir_eksik;
TR101730,IZM,,19.76,iade,2026-08-11 01:48:10,,alici_sehir_eksik;
TR101773,BUR,North Sayinfort,-0.5,teslim,2026-04-15 02:56:30,2026-04-18 02:56:30,agirlik_gecersiz;
TR101931,BUR,Sevindikfort,,yolda,2026-03-25 01:42:15,,agirlik_eksik;
TR102020,IST,South Oluşstad,0.0,yolda,2026-07-12 21:32:00,,agirlik_gecersiz;
TR102119,ANK,South Torhan,22.95,teslim,2026-05-14 08:42:23,2026-05-12 08:42:23,teslim_kabulden_once;
TR102135,ANK,Refetborough,-0.5,teslim,2026-06-06 16:59:29,2026-06-11 16:59:29,agirlik_gecersiz;
TR102212,ANK,,25.06,teslim,2026-03-20 09:49:50,2026-03-21 09:49:50,alici_sehir_eksik;
TR102321,IZM,West Aksayshire,-0.5,teslim,2026-07-16 07:29:05,2026-07-17 07:29:05,agirlik_gecersiz;
TR102344,ANT,Çorlustad,20.41,teslim,2026-04-25 15:37:48,2026-04-23 15:37:48,teslim_kabulden_once;
TR102354,ANK,İhsanoğluchester,,yolda,2026-07-19 22:23:04,,agirlik_eksik;
TR102433,IZM,Arslanberg,0.0,yolda,2026-06-30 16:21:31,,agirlik_gecersiz;
TR102471,ANK,Lake Zülgarni,-0.5,yolda,2026-04-24 16:41:27,,agirlik_gecersiz;
TR102520,BUR,Duracanmouth,,iade,2026-08-06 09:34:10,,agirlik_eksik;
TR102548,BUR,North Sezenmouth,-1.2,teslim,2026-01-25 22:49:05,2026-02-01 22:49:05,agirlik_gecersiz;
TR102577,ANK,Toyland,21.46,teslim,2026-09-02 02:11:58,2026-08-31 02:11:58,teslim_kabulden_once;
TR102615,IZM,,11.24,teslim,2026-05-07 04:28:54,2026-05-08 04:28:54,alici_sehir_eksik;
TR102651,ANT,,20.21,iade,2026-09-02 01:29:23,,alici_sehir_eksik;
TR102777,IZM,Şafakborough,-3.5,iade,2026-09-02 22:06:34,,agirlik_gecersiz;
TR102823,IST,East Metinkayastad,-0.5,yolda,2026-03-10 21:04:40,,agirlik_gecersiz;
TR102843,ANT,Bilirburgh,11.29,teslim,2026-04-24 06:07:59,2026-04-22 06:07:59,teslim_kabulden_once;
TR102881,IZM,,10.26,iade,2026-01-29 10:49:28,,alici_sehir_eksik;
TR102905,BUR,,2.01,teslim,2026-07-16 01:18:35,2026-07-18 01:18:35,alici_sehir_eksik;
TR102927,BUR,Eşrefmouth,14.59,teslim,2026-01-26 15:03:39,2026-01-24 15:03:39,teslim_kabulden_once;
TR102985,BUR,West Erksoy,,iade,2026-05-25 20:50:27,,agirlik_eksik;
TR103007,IZM,Gülşerefmouth,-1.2,iade,2026-06-09 19:09:23,,agirlik_gecersiz;
TR103054,IZM,Şenerborough,-0.5,iade,2026-03-08 16:52:43,,agirlik_gecersiz;
TR103146,ANT,Cansevenshire,-0.5,yolda,2026-07-02 16:50:26,,agirlik_gecersiz;
TR103158,ANK,North Şerafeddinland,21.46,teslim,2026-07-28 20:32:57,2026-07-26 20:32:57,teslim_kabulden_once;
TR103203,IST,Gülenton,-1.2,yolda,2026-04-26 20:26:12,,agirlik_gecersiz;
TR103236,IZM,,14.63,yolda,2026-03-31 15:14:58,,alici_sehir_eksik;
TR103248,IZM,Güçlübury,0.0,iade,2026-06-27 23:54:14,,agirlik_gecersiz;
TR103310,BUR,Bilirchester,-1.2,iade,2026-06-04 09:50:23,,agirlik_gecersiz;
TR103469,IZM,Port Gazel,,yolda,2026-03-10 08:05:00,,agirlik_eksik;
TR103527,IZM,Port Yönetmenchester,29.81,teslim,2026-04-22 03:46:04,2026-04-20 03:46:04,teslim_kabulden_once;
TR103583,IST,Nurgilside,3.41,teslim,2026-05-19 16:36:10,2026-05-17 16:36:10,teslim_kabulden_once;
TR103589,BUR,,20.08,yolda,2026-01-16 06:09:26,,alici_sehir_eksik;
TR103632,BUR,Akarbury,-1.2,yolda,2026-04-21 05:47:30,,agirlik_gecersiz;
TR103657,IZM,Şafakfurt,-1.2,yolda,2026-06-24 15:17:12,,agirlik_gecersiz;
TR103752,IZM,North Süleyla,-3.5,teslim,2026-06-11 22:28:06,2026-06-13 22:28:06,agirlik_gecersiz;
TR103896,IZM,Lake Nayilmouth,22.99,teslim,2026-02-22 19:05:19,2026-02-20 19:05:19,teslim_kabulden_once;
TR104001,ANT,West Tansev,-3.5,teslim,2026-08-17 21:20:43,2026-08-20 21:20:43,agirlik_gecersiz;
TR104002,BUR,,2.88,yolda,2026-03-25 13:50:35,,alici_sehir_eksik;
TR104111,ANK,East Ketechester,,iade,2026-05-07 17:01:56,,agirlik_eksik;
TR104116,IST,Çamurcuoğluburgh,0.0,yolda,2026-04-05 03:48:43,,agirlik_gecersiz;
TR104191,BUR,Ekmelbury,-1.2,yolda,2026-08-05 11:47:00,,agirlik_gecersiz;
TR104232,BUR,New Boynak,1.06,teslim,2026-03-21 23:50:09,2026-03-19 23:50:09,teslim_kabulden_once;
TR104267,ANK,Lake Bahtinurhaven,,iade,2026-02-02 22:02:10,,agirlik_eksik;
TR104289,IST,,13.8,teslim,2026-01-27 20:37:22,2026-01-30 20:37:22,alici_sehir_eksik;
TR104342,ANK,Altuğton,-0.5,iade,2026-04-27 09:06:41,,agirlik_gecersiz;
TR104351,ANT,,9.23,teslim,2026-08-07 18:59:35,2026-08-10 18:59:35,alici_sehir_eksik;
TR104381,ANK,South Mükramin,26.44,teslim,2026-01-26 12:08:50,2026-01-24 12:08:50,teslim_kabulden_once;
TR104441,ANT,,0.38,teslim,2026-04-02 09:19:16,2026-04-04 09:19:16,alici_sehir_eksik;
TR104474,IST,East Mufide,23.85,teslim,2026-06-13 21:34:55,2026-06-11 21:34:55,teslim_kabulden_once;
TR104518,IZM,,0.42,yolda,2026-07-19 23:31:04,,alici_sehir_eksik;
TR104661,IST,East Gençay,-3.5,teslim,2026-03-04 18:31:25,2026-03-06 18:31:25,agirlik_gecersiz;
TR104743,ANK,New Ülküdeş,-0.5,teslim,2026-03-28 08:11:24,2026-04-01 08:11:24,agirlik_gecersiz;
TR104787,IZM,,27.18,teslim,2026-06-06 17:53:23,2026-06-10 17:53:23,alici_sehir_eksik;
TR104838,IZM,,15.04,yolda,2026-05-11 20:15:16,,alici_sehir_eksik;
TR104854,BUR,Ecegülmouth,28.43,teslim,2026-06-23 13:51:18,2026-06-21 13:51:18,teslim_kabulden_once;
TR104858,BUR,,24.13,iade,2026-06-02 13:58:12,,alici_sehir_eksik;
TR104906,ANK,Şuaypton,,teslim,2026-04-21 16:29:03,2026-04-23 16:29:03,agirlik_eksik;
TR104970,ANT,,28.57,yolda,2026-02-08 01:17:23,,alici_sehir_eksik;
